{"is_source_file": true, "format": "Python", "description": "This source file initializes a FastAPI application with CORS middleware and defines a simple health check endpoint.", "external_files": ["fastapi", "fastapi.middleware.cors"], "external_methods": ["FastAPI", "CORSMiddleware"], "published": ["app"], "classes": [], "methods": [{"name": "health_check()", "description": "A GET endpoint that returns a simple health status message.", "scope": "", "scopeKind": ""}], "calls": ["app.add_middleware", "CORSMiddleware", "app.get"], "search-terms": ["FastAPI initialization", "CORS middleware", "health check endpoint", "main.py", "Cross-Origin Resource Sharing"], "state": 2, "file_id": 1, "knowledge_revision": 9, "git_revision": "76ba5e3854619b96be50708d9091100b7351d958", "ctags": [{"_type": "tag", "name": "app", "path": "/home/kavia/workspace/code-generation/biketrack-pro-319588-319597/gps_tracking_backend/src/api/main.py", "pattern": "/^app = FastAPI()$/", "language": "Python", "kind": "variable"}, {"_type": "tag", "name": "health_check", "path": "/home/kavia/workspace/code-generation/biketrack-pro-319588-319597/gps_tracking_backend/src/api/main.py", "pattern": "/^def health_check():$/", "language": "Python", "kind": "function", "signature": "()"}], "hash": "58352bf5f133908bab16643199aa483d", "format-version": 4, "code-base-name": "gps_tracking_backend", "filename": "gps_tracking_backend/src/api/main.py", "fields": [{"name": "app = FastAPI()", "scope": "", "scopeKind": "", "description": "unavailable"}], "revision_history": [{"9": "76ba5e3854619b96be50708d9091100b7351d958"}]}