{"is_source_file": true, "format": "Python", "description": "This file generates and saves the OpenAPI schema for the application. It imports the main app object, retrieves the OpenAPI schema, and writes it to a JSON file within the 'interfaces' directory.", "external_files": ["src/api/main"], "external_methods": ["app.openapi"], "published": [], "classes": [], "methods": [{"name": "json.dump", "description": "Serializes the OpenAPI schema to a JSON file with indentation."}], "calls": ["app.openapi", "os.makedirs", "os.path.join", "json.dump"], "search-terms": ["generate_openapi", "OpenAPI schema", "API documentation", "schema generation", "write to file"], "state": 2, "file_id": 2, "knowledge_revision": 8, "git_revision": "76ba5e3854619b96be50708d9091100b7351d958", "ctags": [{"_type": "tag", "name": "openapi_schema", "path": "/home/kavia/workspace/code-generation/biketrack-pro-319588-319597/gps_tracking_backend/src/api/generate_openapi.py", "pattern": "/^openapi_schema = app.openapi()$/", "language": "Python", "kind": "variable"}, {"_type": "tag", "name": "output_dir", "path": "/home/kavia/workspace/code-generation/biketrack-pro-319588-319597/gps_tracking_backend/src/api/generate_openapi.py", "pattern": "/^output_dir = \"interfaces\"$/", "language": "Python", "kind": "variable"}, {"_type": "tag", "name": "output_path", "path": "/home/kavia/workspace/code-generation/biketrack-pro-319588-319597/gps_tracking_backend/src/api/generate_openapi.py", "pattern": "/^output_path = os.path.join(output_dir, \"openapi.json\")$/", "language": "Python", "kind": "variable"}], "hash": "61e3715e79bc397fab3e70f503a41417", "format-version": 4, "code-base-name": "gps_tracking_backend", "filename": "gps_tracking_backend/src/api/generate_openapi.py", "fields": [{"name": "openapi_schema = app.openapi()", "scope": "", "scopeKind": "", "description": "unavailable"}, {"name": "output_dir = \"interfaces\"", "scope": "", "scopeKind": "", "description": "unavailable"}, {"name": "output_path = os.path.join(output_dir, \"openapi.json\")", "scope": "", "scopeKind": "", "description": "unavailable"}], "revision_history": [{"8": "76ba5e3854619b96be50708d9091100b7351d958"}]}