{"is_source_file": false, "format": "", "description": "", "external_files": [], "external_methods": [], "published": [], "classes": [], "methods": [], "calls": [], "search-terms": [], "state": 2, "file_id": 4, "knowledge_revision": 6, "git_revision": "d48da68e53972be03ffb57334ac7f5f0d166de32", "hash": "09782ea2818b3f4b7541498f046b65f3", "format-version": 4, "code-base-name": "gps_tracking_backend", "filename": "README.md", "revision_history": [{"6": "d48da68e53972be03ffb57334ac7f5f0d166de32"}]}